SHPFID,DioceseID,Dioc_Prov_Name,Country_Modern,StartDate1,EndDate1,StartDate2,EndDate2,UnionWith1_Name,UnionWith1_ShpFID,UnionStart1,UnionEnd1,UnionWith2_Name,UnionWith2_ShpFID,UnionStart2,UnionEnd2,Notes
S0001,D054,Koper (Capodistria),Slovenia,999,1501,,,,,,,,,,,
S0002,D077,Novigrad (Cittanova d'Istria),Croatia,999,1501,,,Parenzo,S0003,1434,1448,Grado,S0008,1448,1465,subject to Grado from 1272; united with Parenzo from 1434-1448; given in commendam to Patriarch of Grado (then Venice) from 1448-1465; union dissolved in 1465
S0003,D177,Poreč (Parenzo),Croatia,999,1501,,,Novigrad (Cittanova d'Istria),S0002,1434,1448,,,,,
S0004,D188,Pula,Croatia,999,1501,,,,,,,,,,,
S0005,D180,Pićan (Pedena),Croatia,999,1501,,,,,,,,,,,
S0006,D490,Osor (Ossero),Croatia,999,1501,,,,,,,,,,,
S0007,D244,Trieste,Italy,999,1501,,,,,,,,,,,
S0008,D107,Grado,Italy,999,1451,,,Cittanova d'Istria,S0002,1448,1451,,,,,Elevated to patriarchate of Venice in 1451 and renamed (Grado being thereby suppressed)
S0009,D019,Aquileia,Italy,999,1461,,,,,,,,,,,Episcopal seat at Cividale
S0010,D073,Chioggia,Italy,999,1501,,,,,,,,,,,
S0011,D004,Adria,Italy,999,1501,,,,,,,,,,,Episcopal seat at Rovigo
S0012,D261,Vicenza,Italy,999,1501,,,,,,,,,,,
S0013,D260,Verona,Italy,999,1501,,,,,,,,,,,
S0014,D240,Trento,Italy,999,1501,,,,,,,,,,,
S0015,D484,Lesina,Croatia,1300,1501,,,,,,,,,,,after losing two islands to newly-established Korcula in 1300
S0016,D068,Ceneda,Italy,999,1501,,,,,,,,,,,
S0017,D175,Padova,Italy,999,1501,,,,,,,,,,,
S0018,D242,Treviso,Italy,999,1501,,,,,,,,,,,
S0019,D063,Castello,Italy,999,1451,,,,,,,,,,,Suppressed to Venice 1451
S0020,D235,Torcello,Italy,999,1501,,,,,,,,,,,
S0021,D118,Iesolo (Jesolo),Italy,999,1466,,,,,,,,,,,Suppressed to Venice in 1466
S0022,D705,Cittanuova,Italy,999,1501,,,,,,,,,,,
S0023,D052,Caorle,Italy,999,1501,,,,,,,,,,,
S0024,D081,Concordia,Italy,999,1501,,,,,,,,,,,
S0025,D470,Modrus,Croatia,1185,1501,,,,,,,,,,,
S0026,D472,Krk (Veglia),Croatia,999,1501,,,,,,,,,,,made suffragan to Zadar in 1146
S0027,D473,Zadar (Zara),Croatia,999,1501,,,,,,,,,,,
S0028,D475,Rab (Arbe),Croatia,999,1501,,,,,,,,,,,
S0029,D614,Baza,Spain,1492,1501,,,Guadix,S0763,1492,1501,,,,,"officially restored as a titular see in 1306, but not reconquered until 1492"
S0030,D477,Nin (Nona),Croatia,1050,1501,,,,,,,,,,,
S0031,D479,Skradin (Scardona),Croatia,1126,1501,,,,,,,,,,,before creation of Sibenik
S0032,D481,Trogir (Trau),Croatia,1050,1501,,,,,,,,,,,
S0033,D482,Split (Spalato),Croatia,1344,1400,,,,,,,,,,,
S0034,D483,Makarska,Croatia,1344,1400,,,,,,,,,,,
S0035,D484,Lesina,Croatia,1145,1300,,,,,,,,,,,made suffragan to Split in 1180
S0036,D485,Korčula (Curzola),Croatia,1300,1501,,,,,,,,,,,
S0037,D487,Dubrovnik (Ragusa),Croatia,999,1501,,,,,,,,,,,
S0038,D480,Šibenik (Sebenico),Croatia,1298,1501,,,,,,,,,,,boundary with Scardona is approximate
S0039,D479,Skradin (Scardona),Croatia,1298,1501,,,,,,,,,,,after creation of Sibenik
S0040,D488,Kotor (Cattaro),Montenegro,999,1501,,,,,,,,,,,
S0041,D249,Ugento,Italy,999,1501,,,,,,,,,,,
S0042,D065,Castro,Italy,999,1501,,,,,,,,,,,
S0043,D157,Nardo,Italy,1090,1501,,,,,,,,,,,"Erected from Benedictine abbey in 1413, previously abbey nullius"
S0044,D104,Gallipoli,Italy,999,1501,,,,,,,,,,,
S0045,D174,Otranto,Italy,999,1501,,,,,,,,,,,
S0046,D122,Lecce,Italy,1057,1501,,,,,,,,,,,
S0047,D046,Brindisi,Italy,1050,1501,,,,,,,,,,,
S0048,D173,Ostuni,Italy,1050,1501,,,,,,,,,,,
S0049,D145,Monopoli,Italy,1030,1501,,,,,,,,,,,
S0050,D225,Taranto,Italy,999,1501,,,,,,,,,,,
S0051,D062,Castellaneta,Italy,1023,1501,,,,,,,,,,,
S0052,D706,Polignano,Italy,999,1501,,,,,,,,,,,contested between Bari and Trani from 1089; firmly made suffragan of Bari in 1152
S0053,D707,Conversano,Italy,1080,1501,,,,,,,,,,,probably established in 11th century
S0055,D709,Leuca,Italy,999,1521,,,,,,,,,,,"regular succession of bishops begins in 1283, but diocese established much earlier; suppressed 1518-1521"
S0056,D710,Mottola,Italy,1023,1501,,,,,,,,,,,
S0057,D123,Lesina,Italy,1254,1501,,,Benevento,S0262,1459,1473,,,,,
S0058,D711,Civitate,Italy,999,1501,,,Lucera,S0556,1439,1471,,,,,
S0059,D087,Dragonara,Italy,1039,1501,,,,,,,,,,,
S0060,D095,Fiorentino,Italy,1059,1410,,,,,,,,,,,Suppressed to Lucera
S0061,D266,Volturara (Appula),Italy,1059,1501,,,Monte Corvino,S0062,1434,,,,,,united aeque principaliter with Montecorvino in 1434
S0062,D148,Montecorvino,Italy,1059,1501,,,Volturara,S0061,1434,,,,,,united aeque principaliter with Volturara in 1434
S0063,D232,Tertiveri,Italy,1059,1425,,,,,,,,,,,perhaps suppressed to Lucera in 1409 not 1425
S0064,D128,Lucera,Italy,999,1410,,,,,,,,,,,"before territory gained from Fiorentino in 1410, Tertiveri in 1425"
S0065,D131,Manfredonia,Italy,999,1501,,,,,,,,,,,seat transferred from Siponto 1230
S0066,D263,Vieste,Italy,999,1501,,,,,,,,,,,
S0067,D246,Troia,Italy,999,1501,,,,,,,,,,,
S0068,D044,Bovino,Italy,999,1501,,,,,,,,,,,
S0069,D712,Canosa,Italy,999,1501,,,,,,,,,,,demoted to archpresbytery 1101; not elevated to diocese until 1819
S0070,D713,Salpi,Italy,999,1424,1523,1547,,,,,,,,,suppressed to Trani from 1424-1523
S0071,D024,Ascoli Satriano,Italy,999,1501,,,,,,,,,,,
S0072,D139,Melfi,Italy,1050,1501,,,,,,,,,,,
S0073,D714,Lavello,Italy,999,1501,,,,,,,,,,,
S0074,D256,Venosa,Italy,999,1501,,,,,,,,,,,
S0075,D193,Rapolla,Italy,1060,1501,,,,,,,,,,,
S0076,D155,Muro (Lucano),Italy,1040,1501,,,,,,,,,,,
S0077,D191,Potenza,Italy,999,1501,,,,,,,,,,,
S0079,D211,Satriano,Italy,1098,1501,,,,,,,,,,,
S0080,D134,Marisco (Nuovo),Italy,999,1501,,,,,,,,,,,
S0081,D243,Tricarico,Italy,999,1501,,,,,,,,,,,
S0082,D715,Bari (Delle Puglie),Italy,999,1501,,,,,,,,,,,
S0083,D716,Bitetto,Italy,1025,1501,,,,,,,,,,,erected sometime between 1025-1089
S0084,D717,Bitonto,Italy,999,1501,,,,,,,,,,,
S0085,D108,Gravina (in Puglia),Italy,999,1501,,,,,,,,,,,
S0086,D718,Giovinazzo,Italy,1020,1501,,,,,,,,,,,
S0087,D719,Ruvo (di Puglia),Italy,999,1501,,,,,,,,,,,
S0088,D720,Molfetta,Italy,1070,1501,,,,,,,,,,,made exempt in 1488
S0089,D038,Bisceglie,Italy,999,1501,,,,,,,,,,,
S0090,D239,Trani,Italy,999,1424,,,,,,,,,,,before gaining territory from the suppressed Salpi in 1424
S0091,D015,Andria,Italy,1100,1501,,,,,,,,,,,
S0092,D721,Minervino,Italy,999,1501,,,,,,,,,,,apparently contested between Bari and Trani at beginning; firmly made suffragan of Bari in 1152
S0093,D722,Canne,Italy,1030,1455,,,Barletta,S0555,1455,1501,,,,,
S0094,D043,Bova,Italy,999,1501,,,,,,,,,,,
S0095,D197,Reggio (di Calabria),Italy,999,1304,1392,1501,,,,,,,,,"Gains territory from suppressed Nicotera approximately 1304-1392 (territory is first incorporated into Mileto, time uncertain)"
S0096,D106,Gerace,Italy,999,1501,,,Oppido,S0096,1462,1501,,,,,Raised to archdiocese in 1133
S0097,D168,Oppido,Italy,1025,1501,,,Gerace,S0096,1462,1501,,,,,
S0098,D141,Mileto,Italy,1081,1501,,,,,,,,,,,
S0099,D247,Tropea,Italy,999,1501,,,,,,,,,,,
S0100,D222,Squillace,Italy,999,1501,,,,,,,,,,,
S0101,D160,Nicastro,Italy,999,1501,,,,,,,,,,,
S0102,D066,Catanzaro,Italy,1121,1501,,,,,,,,,,,
S0103,D135,Martirano,Italy,1099,1501,,,,,,,,,,,
S0104,D084,Cosenza,Italy,1150,1501,,,,,,,,,,,
S0105,D039,Bisignano,Italy,999,1501,,,,,,,,,,,
S0106,D205,San Marco (Argentano),Italy,1159,1501,,,,,,,,,,,
S0107,D032,Belcastro,Italy,1122,1501,,,,,,,,,,,
S0108,D114,Isola,Italy,1114,1501,,,,,,,,,,,
S0109,D208,Santa Severina,Italy,999,1501,,,,,,,,,,,
S0110,D204,San Leone,Italy,1322,1501,,,,,,,,,,,first Latin bishop in 1322 (previously Greek Rite
S0111,D085,Cotrone,Italy,999,1322,,,,,,,,,,,
S0112,D069,Cerenzia (Cerenza),Italy,999,1501,,,,,,,,,,,
S0113,D223,Strongoli,Italy,999,1501,,,,,,,,,,,
S0114,D251,Umbriatico,Italy,1030,1501,,,,,,,,,,,
S0115,D201,Rossano,Italy,999,1501,,,,,,,,,,,
S0116,D060,Cassano (all'Ionio),Italy,999,1501,,,,,,,,,,,
S0117,D016,Anglona (Santa Maria di) ,Italy,1100,1501,,,,,,,,,,,
S0118,D288,Sassari,Italy,999,1503,,,,,,,,,,,seat moved from Torres to Sassari 1250 but name not changed until 1441 ; gained suppressed Ploaghe and Sores in 1503
S0119,D724,Ampurias,Italy,1070,1501,,,Tempio,S0120,1506,,,,,,"see perhaps moved to Castelsardo in the 15th century, a transfer confirmed in 1503"
S0120,D292,Tempio,Italy,999,1501,,,Ampurias,S0119,1506,,,,,,originally exempt; made suffragan of Pisa in 1138; United with Ampurias from 1503; also known as Gallura
S0121,D278,Bosa,Italy,999,1501,,,,,,,,,,,
S0122,D289,Sorres,Italy,1100,1503,,,,,,,,,,,Suppressed to Sassari in 1503
S0123,D286,Ploaghe,Italy,1090,1503,,,,,,,,,,,Incorporated into Sassari in 1503
S0124,D725,Sant'Antioco,Italy,999,1501,,,,,,,,,,,see perhaps translated to Tratalias in 13th century
S0125,D064,Castro,Italy,999,1503,,,,,,,,,,,suppressed to Alghero from 1503
S0126,D283,Galtelli,Italy,1120,1495,,,,,,,,,,,suppressed to Cagliari in 1495
S0127,D285,Ottana,Italy,1065,1501,,,,,,,,,,,
S0128,D284,Oristano,Italy,1093,1503,,,,,,,,,,,gains territory from  suppressed Santa Giusta in 1503
S0129,D287,Santa Giusta,Italy,1093,1503,,,,,,,,,,,suppressed to Oristano 1503
S0130,D290,Suelli,Italy,999,1420,,,,,,,,,,,Suppressed to Cagliari in 1420
S0131,D293,Terralba,Italy,999,1503,,,Ales,S0131,1503,,,,,,territorial abbey
S0132,D276,Ales,Italy,999,1503,,,Terralba,S0132,1503,,,,,,
S0133,D282,Dolia,Italy,999,1501,,,,,,,,,,,suppressed to Cagliari in 1503
S0134,D727,Tratalias,Italy,999,1503,,,,,,,,,,,established in early 13th century
S0135,D279,Cagliari,Italy,999,1420,,,,,,,,,,,before gaining territory from suppressed Suelli in 1420
S0136,D280,Castro,Italy,999,1369,,,,,,,,,,,
S0137,D031,Bagnoregio,Italy,999,1369,,,,,,,,,,,United w/ Viterbo from 10 February - 17 October 1449 [not shown on maps]
S0138,D248,Tuscania,Italy,1192,1369,,,Viterbo,S0239,1192,,,,,,
S0139,D264,Viterbo,Italy,1192,1503,,,Tuscania,S0138,1192,1501,,,,,united with Bagnoregio 10 February - 17 October 1449 (this is not shown on map)
S0140,D169,Orte,Italy,999,1501,,,Civita Castellana,S0141,1437,1501,,,,,"Perhaps united with Civita' Castellana in 1439, not 1437"
S0141,D078,Cività Castellana,Italy,999,1501,,,Orte,S0140,1437,,,,,,
S0142,D159,Nepi,Italy,999,1435,,,Sutri,S0143,1435,,,,,,
S0143,D224,Sutri,Italy,999,1435,,,Nepi,S0142,1435,,,,,,
S0144,D202,Sabina,Italy,999,1501,,,,,,,,,,,
S0145,D190,Porto,Italy,999,1501,,,,,,,,,,,
S0146,D729,Roma,Italy,999,1501,,,,,,,,,,,
S0147,D233,Tivoli,Italy,999,1501,,,,,,,,,,,
S0148,D172,Ostia,Italy,999,1501,,,Velletri,D172,1150,1501,,,,,
S0149,D730,Albano,Italy,999,1501,,,,,,,,,,,
S0150,D731,Frascati,Italy,999,1501,,,,,,,,,,,
S0151,D176,Palestrina,Italy,999,1501,,,,,,,,,,,
S0152,D013,Anagni,Italy,999,1501,,,,,,,,,,,
S0153,D258,Velletri,Italy,999,1501,,,Ostia,S0148,1150,1501,,,,,
S0154,D214,Segni,Italy,999,1501,,,,,,,,,,,
S0155,D005,Alatri,Italy,999,1501,,,,,,,,,,,
S0156,D231,Terracina,Italy,999,1501,,,,,,,,,,,
S0157,D091,Ferentino,Italy,999,1501,,,,,,,,,,,
S0158,D259,Veroli,Italy,999,1501,,,,,,,,,,,
S0159,D250,Casale Monferrato,Italy,1474,1501,,,,,,,,,,,
S0160,D080,Como,Italy,999,1501,,,,,,,,,,,
S0161,D140,Milano,Italy,999,1501,,,,,,,,,,,
S0162,D035,Bergamo,Italy,999,1501,,,,,,,,,,,
S0163,D045,Brescia,Italy,999,1501,,,,,,,,,,,
S0164,D179,Pavia,Italy,999,1501,,,,,,,,,,,
S0165,D125,Lodi,Italy,999,1501,,,,,,,,,,,
S0166,D086,Cremona,Italy,999,1501,,,,,,,,,,,
S0167,D132,Mantova,Italy,999,1501,,,,,,,,,,,made exempt in 1452
S0168,D732,Lipari,Italy,1157,1501,,,Patti,S0170,1157,1399,,,,,erected as diocese of Patti and Lipari in 1157; dioceses split in 1399
S0169,D271,Messina,Italy,999,1501,,,,,,,,,,,
S0170,D274,Patti,Italy,1157,1501,,,Lipari,S0168,1157,1399,,,,,
S0171,D269,Cefalù,Italy,1131,1501,,,,,,,,,,,
S0172,D273,Palermo,Italy,999,1501,,,,,,,,,,,
S0173,D272,Monreale,Italy,1176,1501,,,,,,,,,,,
S0174,D270,Mazara,Italy,1093,1501,,,,,,,,,,,
S0175,D267,Agrigento,Italy,1088,1501,,,,,,,,,,,
S0176,D268,Catania,Italy,1092,1501,,,,,,,,,,,
S0177,D275,Siracusa,Italy,1086,1501,,,,,,,,,,,
S0178,D733,Mdina,Malta,999,1501,,,,,,,,,,,Made suffragan to Palermo 1156
S0179,D166,Novara,Italy,999,1501,,,,,,,,,,,
S0180,D058,Vercelli,Italy,1474,1501,,,,,,,,,,,after losing territory to create Casale Monferrato
S0181,D116,Ivrea,Italy,999,1501,,,,,,,,,,,
S0182,D236,Torino,Italy,999,1501,,,,,,,,,,,
S0183,D027,Asti,Italy,999,1388,,,,,,,,,,,loses territory to Mondovì 1388
S0184,D008,Alessandria,Italy,1175,1501,,,Aqui,S0187,1205,1405,,,,,
S0185,D238,Tortona,Italy,999,1501,,,,,,,,,,,
S0186,D006,Alba,Italy,999,1501,,,,,,,,,,,
S0187,D018,Acqui,Italy,1175,1501,,,Alessandria,S0184,1205,1405,,,,,lost territory with erection of Alessandria in 1175 (later in union 1205-1405)
S0188,D144,Mondovì,Italy,1388,1501,,,,,,,,,,,
S0189,D150,Montefeltro,Italy,999,1501,,,,,,,,,,,
S0190,D252,Urbino,Italy,999,1501,,,,,,,,,,,
S0191,D183,Pesaro,Italy,999,1501,,,,,,,,,,,
S0192,D048,Cagli,Italy,999,1501,,,,,,,,,,,
S0193,D101,Fossombrone,Italy,999,1501,,,,,,,,,,,
S0194,D089,Fano,Italy,999,1501,,,,,,,,,,,
S0195,D217,Senigallia,Italy,999,1501,,,,,,,,,,,seat moved to Corinaldo in 14th century
S0196,D117,Jesi,Italy,999,1501,,,,,,,,,,,
S0197,D014,Ancona,Italy,999,1422,,,,,,,,,,,
S0198,D051,Camerino,Italy,1320,1501,,,,,,,,,,,1320 loses territory to establish Macerata
S0199,D171,Osimo,Italy,1264,1501,,,,,,,,,,,"suppressed after a 1240 rebellion (earlier territory not represented on maps); restored in 1246, having lost some territory to the newly-created Recanati; seat moved to Cingoli (Santa Maria di Cingoli) after 1320 rebellion and renamed to Osimo and Cingola, seat & name restored to Osimo in 1367"
S0200,D196,Recanati,Italy,1256,1320,1356,,Macerata,S0912,1356,1501,,,,,"erected 1240 after Osimo's rebellion from Umana along with some of Osimo's territory [1250 timeslice]; reincorporated into Numana with restoration of Osimo 1264 [not shown], restored 1289 minus Osimo territory [not shown]; supressed to Macerata in 1320 [1350 timeslice], restored 1356 [1450 timeslice]"
S0201,D130,Macerata,Italy,1320,1356,,,,,,,,,,,lost territory to restore Recanati in 1356
S0202,D092,Fermo,Italy,1320,1501,,,,,,,,,,,lost territory to establish Macerata 1320
S0203,D023,Ascoli (Piceno),Italy,999,1501,,,,,,,,,,,
S0204,D736,Farfa,Italy,1264,1501,,,,,,,,,,,
S0205,D737,Umana,Italy,1289,1422,,,,,,,,,,,"gains Osimo city after its 1240 rebellion but loses territory to Recanati with the establishment of that diocese [shown in 1250 timeslice]; regains Recanati territory in 1263 when Recanati is suppressed [not shown]; 1264 loses Osimo with its restoration [not shown]; 1289 loses territory to restore Recanati [shown in 1350 timeslice]; supressed to Ancona in 1422, losing independent existence save for the name ""Ancona and Umana"" [shown in 1450 timeslice]"
S0206,D076,Città di Castello,Italy,999,1325,,,,,,,,,,,
S0207,D111,Gubbio,Italy,999,1501,,,,,,,,,,,
S0208,D162,Nocera (Umbra),Italy,999,1501,,,,,,,,,,,
S0209,D182,Perugia,Italy,999,1501,,,,,,,,,,,
S0210,D026,Assisi,Italy,999,1501,,,,,,,,,,,
S0211,D097,Foligno,Italy,999,1501,,,,,,,,,,,
S0212,D170,Orvieto,Italy,999,1369,,,,,,,,,,,
S0213,D234,Todi,Italy,999,1501,,,,,,,,,,,
S0214,D221,Spoleto,Italy,999,1501,,,,,,,,,,,
S0215,D012,Amelia,Italy,999,1501,,,,,,,,,,,
S0216,D158,Narni,Italy,999,1501,,,,,,,,,,,
S0217,D230,Terni,Italy,1218,1501,,,,,,,,,,,
S0218,D199,Rieti,Italy,999,1501,,,,,,,,,,,
S0219,D040,Bobbio,Italy,1014,1501,,,,,,,,,,,
S0220,D184,Piacenza,Italy,999,1501,,,,,,,,,,,
S0221,D178,Parma,Italy,999,1501,,,,,,,,,,,
S0222,D198,Reggio,Italy,999,1462,,,,,,,,,,,
S0223,D143,Modena,Italy,999,1501,,,,,,,,,,,
S0224,D042,Bologna,Italy,999,1501,,,,,,,,,,,
S0225,D093,Ferrara,Italy,999,1501,,,,,,,,,,,"Ferrara held exempt status from 774, despite Ravenna's persistent claims"
S0226,D070,Cervia,Italy,999,1501,,,,,,,,,,,
S0227,D079,Comacchio,Italy,999,1501,,,,,,,,,,,
S0228,D195,Ravenna,Italy,999,1501,,,,,,,,,,,
S0229,D112,Imola,Italy,999,1501,,,,,,,,,,,
S0230,D088,Faenza,Italy,999,1501,,,,,,,,,,,briefly exempted from Ravennan authority from 1099-1119
S0231,D099,Forlì,Italy,999,1501,,,,,,,,,,,
S0232,D100,Forlimpopoli,Italy,999,1501,,,,,,,,,,,See transferred to Bertinoro in 1360
S0233,D071,Cesena,Italy,999,1501,,,,,,,,,,,
S0234,D210,Sarsina,Italy,999,1501,,,,,,,,,,,
S0235,D200,Rimini,Italy,999,1501,,,,,,,,,,,
S0236,D127,Lucca,Italy,999,1501,,,,,,,,,,,
S0237,D187,Pistoia,Italy,999,1501,,,,,,,,,,,Suffragan of Firenze from 1420
S0238,D186,Pisa,Italy,999,1501,,,,,,,,,,,
S0239,D096,Firenze (Florence),Italy,999,1501,,,,,,,,,,,Elevated to metropolitanate in 1420
S0240,D094,Fiesole,Italy,999,1501,,,,,,,,,,,Made suffragan to Firenze in 1420
S0241,D265,Volterra,Italy,999,1501,,,,,,,,,,,
S0242,D021,Arezzo,Italy,999,1325,,,,,,,,,,,
S0243,D216,Siena,Italy,999,1325,,,,,,,,,,,Elevated to metropolitanate in 1459
S0244,D137,Massa Marittima,Italy,999,1501,,,,,,,,,,,"Suffragan to Pisa until 1420, then to Firenze"
S0245,D074,Chiusi,Italy,999,1325,,,,,,,,,,,Suffragan of Siena from 1459
S0246,D109,Grosseto,Italy,999,1462,,,,,,,,,,,Made suffragan to Siena in 1459
S0247,D220,Sovana,Italy,999,1501,,,,,,,,,,,Suffragan of Siena from 1459
S0248,D075,Abbazia delle Tre Fontane,Italy,999,1501,,,,,,,,,,,territorial abbey (dioecesis nullius)
S0249,D228,Teramo,Italy,999,1501,,,,,,,,,,,
S0250,D181,Penne,Italy,1251,1501,,,,,,,,,,,"Atri created from Penne 1251, in union (represented together on maps)"
S0251,D120,Aquila,Italy,1257,1501,,,,,,,,,,,see moved from Furci to L'Aquila in 1257
S0252,D133,Pescina (med. Avezzano),Italy,999,1501,,,,,,,,,,,"aka dei Marsi, with second seat at Pescina"
S0253,D253,Sulmona-Valva,Italy,999,1501,,,,,,,,,,,
S0254,D072,Chieti,Italy,999,1501,,,,,,,,,,,
S0255,D254,Venafro,Italy,1100,1501,,,,,,,,,,,
S0256,D115,Isernia,Italy,999,1501,,,,,,,,,,,
S0257,D245,Trivento,Italy,999,1501,,,,,,,,,,,Exempt from 1474
S0258,D110,Guardialfiera,Italy,1059,1501,,,,,,,,,,,
S0259,D229,Termoli,Italy,999,1501,,,,,,,,,,,
S0260,D041,Boiano,Italy,999,1501,,,,,,,,,,,founded sometime before 1071
S0261,D121,Larino,Italy,999,1501,,,,,,,,,,,
S0262,D034,Benevento,Italy,999,1501,,,Lesina,S0057,1459,1473,,,,,
S0263,D257,Ventimiglia,Italy,999,1501,,,,,,,,,,,
S0264,D007,Albenga,Italy,999,1501,,,,,,,,,,,
S0265,D212,Savona,Italy,1239,1501,,,,,,,,,,,
S0266,D165,Noli,Italy,1239,1501,,,,,,,,,,,Perhaps erected in 1239 rather than 1245
S0267,D105,Genova,Italy,999,1501,,,Oppido,S0096,1462,1501,,,,,Raised to archdiocese in 1133
S0268,D129,Luni,Italy,1133,1501,,,,,,,,,,,after losing territory to create Brugnato in 1133
S0269,D047,Brugnato,Italy,1133,1501,,,,,,,,,,,
S0270,D237,Cortona,Italy,1325,1501,,,,,,,,,,,map based on modern boundaries
S0271,D218,Sora,Italy,999,1501,,,,,,,,,,,
S0272,D020,Aquino,Italy,999,1501,,,,,,,,,,,
S0273,D098,Fondi,Italy,999,1501,,,,,,,,,,,
S0274,D103,Gaeta,Italy,999,1501,,,,,,,,,,,
S0275,D147,Monte Cassino,Italy,999,1501,,,,,,,,,,,exempt abbey (dioecesis nullius); raised to episcopal rank 1322-1367
S0276,D215,Sessa,Italy,999,1501,,,,,,,,,,,
S0277,D226,Teano,Italy,999,1501,,,,,,,,,,,
S0278,D010,Alife,Italy,999,1501,,,,,,,,,,,
S0279,D227,Telese,Italy,999,1501,,,,,,,,,,,
S0280,D057,Carinola,Italy,999,1501,,,,,,,,,,,
S0281,D056,Capua,Italy,999,1501,,,,,,,,,,,
S0282,D050,Calvi,Italy,999,1501,,,,,,,,,,,
S0283,D049,Cajazzo,Italy,999,1501,,,,,,,,,,,
S0284,D059,Caserta,Italy,999,1501,,,,,,,,,,,
S0285,D206,Sant'Agata dei Goti,Italy,999,1501,,,,,,,,,,,
S0286,D003,Acerra,Italy,1056,1501,,,,,,,,,,,
S0287,D030,Aversa,Italy,1053,1501,,,,,,,,,,,
S0288,D192,Pozzuoli,Italy,999,1501,,,,,,,,,,,
S0289,D156,Napoli,Italy,999,1501,,,,,,,,,,,
S0290,D113,Ischia,Italy,1036,1501,,,,,,,,,,,
S0291,D164,Nola,Italy,999,1501,,,,,,,,,,,
S0292,D029,Avellino,Italy,999,1501,,,Frigento,S0598,1466,1501,,,,,
S0293,D209,Sarno,Italy,1000,1501,,,,,,,,,,,
S0294,D203,Salerno,Italy,999,1501,,,,,,,,,,,
S0295,D061,Castellammare,Italy,999,1501,,,,,,,,,,,
S0296,D124,Lettere,Italy,999,1501,,,,,,,,,,,
S0297,D011,Amalfi,Italy,999,1501,,,,,,,,,,,
S0298,D194,Ravello,Italy,1086,1501,,,,,,,,,,,from Amalfi
S0299,D213,Scala,Italy,999,1501,,,,,,,,,,,
S0300,D142,Minori,Italy,999,1501,,,,,,,,,,,
S0301,D262,Vico Equense,Italy,999,1501,,,,,,,,,,,
S0302,D219,Sorrento,Italy,999,1501,,,,,,,,,,,
S0303,D136,Massa Lubrense,Italy,1024,1501,,,,,,,,,,,
S0304,D055,Capri,Italy,999,1501,,,,,,,,,,,
S0305,D149,Monte Marano,Italy,1059,1501,,,,,,,,,,,
S0306,D167,Nusco,Italy,1076,1501,,,,,,,,,,,
S0307,D207,S. Angelo de Lombardi,Italy,1080,1501,,,,,,,,,,,"uncertain foundation date, 1073-1085"
S0308,D241,Trevico,Italy,999,1501,,,,,,,,,,,
S0309,D022,Ariano,Italy,999,1501,,,,,,,,,,,
S0310,D037,Bisaccia,Italy,1090,1501,,,,,,,,,,,
S0311,D119,Lacedonia,Italy,1080,1501,,,,,,,,,,,
S0312,D153,Monteverde,Italy,1049,1501,,,,,,,,,,,
S0313,D082,Conza,Italy,999,1501,,,,,,,,,,,
S0314,D002,Acerno,Italy,1090,1501,,,,,,,,,,,
S0315,D053,Capaccio,Italy,1160,1501,,,,,,,,,,,
S0316,D067,Cava,Italy,1394,1465,,,,,,,,,,,abbey (nullius); loses diocesan privileges in 1465
S0317,D189,Policastro,Italy,1058,1501,,,,,,,,,,,
S0318,D327,Orkney,Scotland,1055,1501,,,,,,,,,,,suffragan of York until 1152; then (nominal) suffragan of Trondheim until 1472
S0319,D320,Caithness,Scotland,1146,1501,,,,,,,,,,,
S0320,D312,Isles,Scotland,1154,1501,,,,,,,,,,,alternate name Sodor and Man
S0321,D328,Ross,Scotland,1152,1501,,,,,,,,,,,
S0322,D326,Moray,Scotland,1100,1501,,,,,,,,,,,
S0323,D317,Aberdeen,Scotland,1125,1501,,,,,,,,,,,
S0324,D318,Argyll,Scotland,1183,1501,,,,,,,,,,,
S0325,D322,Dunkeld,Scotland,1114,1501,,,,,,,,,,,
S0326,D319,Brechin,Scotland,1150,1501,,,,,,,,,,,
S0327,D321,Dunblane,Scotland,1155,1501,,,,,,,,,,,
S0328,D329,St. Andrews,Scotland,850,1501,,,,,,,,,,,
S0329,D325,Glasglow,Scotland,1114,1501,,,,,,,,,,,
S0330,D324,Galloway,Scotland,1128,1501,,,,,,,,,,,
S0331,D491,Mariana,France,999,1501,,,,,,,,,,,
S0332,D492,Nebbio,France,999,1501,,,,,,,,,,,
S0333,D493,Aleria,France,999,1501,,,,,,,,,,,
S0334,D494,Accia,France,999,1501,,,,,,,,,,,
S0335,D495,Sagone,France,999,1501,,,,,,,,,,,
S0336,D496,Ajaccio,France,999,1501,,,,,,,,,,,
S0337,D311,Carlisle,England,1133,1501,,,,,,,,,,,
S0338,D301,Durham,England,995,1501,,,,,,,,,,,
S0339,D298,York,England,626,1501,,,,,,,,,,,
S0340,D300,Lichfield & Coventry,England,669,1501,,,,,,,,,,,
S0341,D316,St. Asaph,Wales,999,1501,,,,,,,,,,,
S0342,D314,Bangor,Wales,999,1501,,,,,,,,,,,
S0343,D305,Worcester,England,680,1501,,,,,,,,,,,
S0344,D303,Hereford,England,676,1501,,,,,,,,,,,
S0345,D315,St. David's,Wales,999,1501,,,,,,,,,,,
S0346,D313,Llandaff,Wales,999,1501,,,,,,,,,,,
S0347,D309,Bath & Wells,England,909,1501,,,,,,,,,,,
S0348,D307,Salisbury,England,1078,1501,,,,,,,,,,,
S0349,D308,Exeter,England,1050,1501,,,,,,,,,,,
S0350,D299,Winchester,England,999,1501,,,,,,,,,,,
S0351,D306,Chichester,England,1075,1501,,,,,,,,,,,
S0352,D295,Canterbury,England,597,1501,,,,,,,,,,,
S0353,D296,Rochester,England,604,1501,,,,,,,,,,,
S0354,D297,London,England,604,1501,,,,,,,,,,,
S0355,D310,Ely,England,1108,1501,,,,,,,,,,,
S0356,D302,Norwich,England,1091,1501,,,,,,,,,,,
S0357,D304,Lincoln,England,1072,1501,,,,,,,,,,,
S0358,D497,Holar,Iceland,1106,1501,,,,,,,,,,,
S0359,D498,Skálholt,Iceland,1056,1501,,,,,,,,,,,
S0360,D499,Raphoe,Ireland,999,1501,,,,,,,,,,,
S0361,D500,Derry,Ireland (Northern),999,1501,,,,,,,,,,,Seat at Maghera until 1254
S0362,D501,Connor,Ireland (Northern),999,1501,,,Down,S0363,1439,,,,,,
S0363,D502,Down,Ireland (Northern),999,1501,,,Connor,S0362,1439,,,,,,
S0364,D503,Dromore,Ireland (Northern),999,1501,,,,,,,,,,,
S0365,D504,Armagh,Ireland (Northern),999,1501,,,,,,,,,,,
S0366,D505,Clogher,Ireland,999,1501,,,,,,,,,,,
S0367,D506,Kilmore,Ireland,999,1501,,,,,,,,,,,
S0368,D507,Ardagh,Ireland,999,1501,,,,,,,,,,,
S0369,D508,Meath,Ireland,999,1501,,,,,,,,,,,
S0370,D509,Clonmacnois,Ireland,999,1501,,,,,,,,,,,
S0371,D510,Killala,Ireland,999,1501,,,,,,,,,,,
S0372,D511,Achonry,Ireland,999,1501,,,,,,,,,,,
S0373,D512,Tuam,Ireland,999,1501,,,,,,,,,,,
S0374,D513,Elphin,Ireland,999,1501,,,,,,,,,,,
S0375,D514,Clonfert,Ireland,999,1501,,,,,,,,,,,
S0376,D515,Annaghdown,Ireland,1179,1501,,,,,,,,,,,
S0377,D516,Kilmacduagh,Ireland,999,1501,,,,,,,,,,,
S0378,D517,Kilfenora,Ireland,999,1501,,,,,,,,,,,
S0379,D518,Killaloe,Ireland,999,1501,,,,,,,,,,,
S0380,D519,Cashel,Ireland,999,1501,,,,,,,,,,,
S0381,D520,Emly,Ireland,999,1501,,,,,,,,,,,
S0382,D521,Limerick,Ireland,999,1501,,,,,,,,,,,
S0383,D522,Ardfert,Ireland,999,1501,,,,,,,,,,,
S0384,D523,Cloyne,Ireland,999,1501,,,,,,,,,,,
S0385,D524,Lismore,Ireland,999,1111,,,,,,,,,,,"originally territorial abbey, not promoted to diocese until 1111"
S0386,D525,Cork,Ireland,999,1501,,,,,,,,,,,
S0387,D526,Ross,Ireland,999,1501,,,,,,,,,,,
S0388,D527,Kildare,Ireland,999,1501,,,,,,,,,,,
S0389,D528,Dublin,Ireland,999,1501,,,,,,,,,,,"before 1215, part of the diocese belonged to Glendalough"
S0390,D529,Leighlin,Ireland,999,1501,,,,,,,,,,,
S0391,D530,Ossory,Ireland,999,1501,,,,,,,,,,,
S0392,D531,Ferns,Ireland,999,1501,,,,,,,,,,,
S0393,D532,Bremen-Hamburg,Germany,999,1501,,,,,,,,,,,
S0394,D533,Lübeck,Germany,999,1501,,,,,,,,,,,
S0395,D534,Ratzeburg,Germany,1061,1501,,,,,,,,,,,from Hamburg
S0396,D535,Schwerin,Germany,999,1501,,,,,,,,,,,
S0397,D536,Lebus,Poland,1124,1501,,,,,,,,,,,
S0398,D537,Wrocław ,Poland,1000,1501,,,,,,,,,,,
S0399,D538,Cologne (Köln),Germany,999,1429,1444,1501,,,,,,,,,Paderborn suppressed to Cologne from 1429-1444 (not represented on maps)
S0400,D540,Minden,Germany,999,1501,,,,,,,,,,,
S0401,D541,Münster,Germany,999,1501,,,,,,,,,,,
S0402,D542,Osnabruck,Germany,999,1501,,,,,,,,,,,
S0403,D543,Utrecht,Netherlands,999,1501,,,,,,,,,,,
S0404,D544,Magdeburg,Germany,999,1501,,,,,,,,,,,
S0405,D545,Brandenburg,Germany,999,1501,,,,,,,,,,,
S0406,D546,Havelberg,Germany,999,1501,,,,,,,,,,,
S0407,D547,Merseburg,Germany,999,1501,,,,,,,,,,,
S0408,D548,Naumburg,Germany,999,1501,,,,,,,,,,,
S0409,D549,Mainz,Germany,999,1501,,,,,,,,,,,
S0410,D550,Augsburg,Germany,999,1501,,,,,,,,,,,
S0411,D551,Chur,Switzerland,999,1501,,,,,,,,,,,
S0412,D552,Eichstätt,Germany,999,1501,,,,,,,,,,,
S0413,D553,Halberstadt,Germany,999,1501,,,,,,,,,,,
S0414,D554,Hildesheim,Germany,999,1501,,,,,,,,,,,
S0415,D555,Konstanz,Switzerland,999,1501,,,,,,,,,,,
S0416,D556,Paderborn,Germany,999,1429,1444,1501,,,,,,,,,
S0417,D558,Strasbourg,France,999,1501,,,,,,,,,,,
S0418,D559,Verden,Germany,999,1501,,,,,,,,,,,
S0419,D560,Worms,Germany,999,1501,,,,,,,,,,,
S0420,D561,Würzburg,Germany,999,1501,,,,,,,,,,,
S0421,D562,Praha (Prague),Czech Republic,999,1344,1474,1501,,,,,,,,,Litomysl erected from Prague in 1344; suppressed to Prague in 1474
S0422,D563,Olomouc,Czech Republic,1063,1344,1474,1501,,,,,,,,,
S0423,D294,Massa Carrara,Italy,999,1501,,,,,,,,,,,
S0424,D476,Waterford,Ireland,1096,1363,,,,,,,,,,,
S0425,D664,Waterford and Lismore,Ireland,1363,1501,,,,,,,,,,,
S0426,D524,Lismore,Ireland,1111,1363,,,,,,,,,,,"after the creation of Waterford; originally Abbacy nullius, raised to diocese 1111"
S0428,D573,Trier,Germany,999,1501,,,,,,,,,,,
S0429,D574,Metz,France,999,1501,,,,,,,,,,,
S0430,D575,Toul,France,999,1501,,,,,,,,,,,
S0431,D737,Umana,Italy,1240,1263,,,,,,,,,,,"gains Osimo city after its 1240 rebellion but loses territory to Recanati with the establishment of that diocese [shown in 1250 timeslice]; regains Recanati territory in 1263 when Recanati is suppressed [not shown]; 1264 loses Osimo with its restoration [not shown]; 1289 loses territory to restore Recanati [shown in 1350 timeslice]; supressed to Ancona in 1422, losing independent existence save for the name ""Ancona and Umana"" [shown in 1450 timeslice]"
S0432,D577,Bamberg,Germany,1007,1501,,,,,,,,,,,
S0433,D663,Kammin,Poland,1125,1501,,,,,,,,,,,
S0434,D579,Meissen,Germany,999,1501,,,,,,,,,,,
S0435,D583,Reval,Estonia,1219,1561,,,,,,,,,,,made suffragan of Riga in 1374
S0436,D584,Schleswig,Germany,999,1501,,,,,,,,,,,
S0437,D585,Riga,Latvia,1186,1501,,,,,,,,,,,erected at Uxkull in 1186; moved to Riga in 1202; elevated to archbishopric in 1255
S0438,D586,Warmia (Ermland),Poland,1243,1501,,,,,,,,,,,erected 13th century
S0439,D587,Dorpat,Estonia,1224,1558,,,,,,,,,,,preceded by diocese of Leal
S0440,D588,Chełmno ,Poland,1243,1501,,,,,,,,,,,made suffragan of Riga in 1245
S0441,D589,Courland (Kurland),Latvia,1234,1501,,,,,,,,,,,
S0442,D590,Osel-Wiek,Estonia,1228,1560,,,,,,,,,,,made suffragan of Riga in 1253
S0443,D591,Pomesania,Poland,1243,1501,,,,,,,,,,,vacant from 1524; suppressed in 1763
S0444,D539,Liège,Belgium,999,1501,,,,,,,,,,,
S0445,D592,Samland,Russia,1243,1525,,,,,,,,,,,
S0446,D557,Speyer,Germany,999,1501,,,,,,,,,,,
S0447,D364,Lausanne,Switzerland,999,1501,,,,,,,,,,,
S0448,D462,Sion (Sitten),Switzerland,999,1501,,,,,,,,,,,
S0449,D593,Krakow,Poland,1000,1501,,,,,,,,,,,
S0450,D594,Kujawy (Włocławek),Poland,1123,1501,,,,,,,,,,,
S0451,D599,Lund,Sweden,1060,1528,,,,,,,,,,,
S0452,D600,Roskilde,Denmark,1060,1528,,,,,,,,,,,
S0453,D601,Odense,Denmark,1060,1528,,,,,,,,,,,
S0454,D196,Recanati,Italy,1240,1264,,,,,,,,,,,"(Recanati+Osimo territory) erected 1240 after Osimo's rebellion from Umana along with some of Osimo's territory [shown in 1250 timeslice]; reincorporated into Numana with restoration of Osimo 1264 [not shown], restored 1289 minus Osimo territory [not shown]; supressed to Macerata in 1320 [1350 timeslice], restored 1356 [1450 timeslice]"
S0455,D603,Ribe,Denmark,1060,1528,,,,,,,,,,,
S0456,D604,Aarhus,Denmark,1060,1528,,,,,,,,,,,
S0457,D605,Viborg,Denmark,1060,1528,,,,,,,,,,,
S0458,D606,Borglum,Denmark,1060,1528,,,,,,,,,,,
S0459,D595,Poznan,Poland,1075,1501,,,,,,,,,,,incorporates territory next to Plock
S0460,D596,Plock,Poland,1075,1501,,,,,,,,,,,
S0461,D690,Gniezno,Poland,1000,1501,,,,,,,,,,,
S0462,D691,Oslo,Norway,1068,1537,,,,,,,,,,,
S0463,D692,Stavanger,Norway,1125,1537,,,,,,,,,,,
S0464,D693,Bergen,Norway,1068,1537,,,,,,,,,,,
S0465,D694,Hamar,Norway,1152,1537,,,,,,,,,,,
S0466,D695,Nidaros,Norway,1031,1537,,,,,,,,,,,raised to archbishopric in 1151
S0467,D696,Uppsala,Sweden,1123,1588,,,,,,,,,,,re-established 1130; raised to archbishopric in 1164
S0468,D697,Vasteras,Sweden,1100,1527,,,,,,,,,,,
S0469,D698,Strängnäs,Sweden,1129,1527,,,,,,,,,,,
S0470,D699,Linköping,Sweden,1100,1527,,,,,,,,,,,
S0471,D700,Skara,Sweden,1014,1527,,,,,,,,,,,
S0472,D701,Vaxjo,Sweden,1170,1527,,,,,,,,,,,
S0473,D702,Abo,Finland,1276,1522,,,,,,,,,,,
S0474,D667,Esztergom,Hungary,1001,1501,,,,,,,,,,,
S0475,D668,Nitra,Slovakia,1105,1501,,,,,,,,,,,reestablished in 1105 after falling into abeyance
S0476,D669,Zagreb,Croatia,1093,1501,,,,,,,,,,,
S0477,D670,Oradea,Romania,1009,1501,,,,,,,,,,,"founded at Byhor in 1009, see then transferred to Oradea in 1077"
S0478,D671,Eger,Hungary,1009,1501,,,,,,,,,,,
S0479,D672,Erdély,Romania,1009,1501,,,,,,,,,,,
S0480,D673,Györ ,Hungary,1009,1501,,,,,,,,,,,
S0481,D674,Pécs ,Hungary,1009,1501,,,,,,,,,,,
S0482,D675,Vác ,Hungary,1009,1501,,,,,,,,,,,
S0483,D676,Veszprém ,Hungary,1009,1501,,,,,,,,,,,
S0484,D677,Kalocsa-Bacs,Hungary,1010,1501,,,,,,,,,,,
S0485,D678,Marosvar,Hungary,1035,1501,,,,,,,,,,,
S0486,D679,St. Martin (exempt provostship of),Slovakia,1200,1500,,,,,,,,,,,founded early 13th-c; headed by an exempt provost (of Abbey of St. Martin) rather than a bishop (aside from brief mention of a bishop in 1291); raised to actual diocese (of Szepes/Spis) in 1776
S0487,D051,Camerino,Italy,999,1320,,,,,,,,,,,1320 loses territory to establish Macerata
S0488,D092,Fermo,Italy,999,1320,,,,,,,,,,,lost territory to establish Macerata 1320
S0494,D607,Toledo,Spain,999,1501,,,,,,,,,,,boundaries approximate
S0495,D608,Palencia,Spain,1035,1501,,,,,,,,,,,
S0496,D609,Osma,Spain,1088,1501,,,,,,,,,,,
S0497,D610,Segovia,Spain,1119,1501,,,,,,,,,,,
S0498,D611,Sigüenza,Spain,1124,1501,,,,,,,,,,,
S0499,D612,Cuenca,Spain,1179,1501,,,,,,,,,,,
S0500,D613,Albarracín-Segorbe,Spain,1258,1577,,,,,,,,,,,in union with Segorbe from 1258-1577 [represented together in maps]; suffragan to Zaragoza from 1318
S0501,D076,Città di Castello,Italy,1325,1501,,,,,,,,,,,
S0502,D615,Jaén,Spain,999,1501,,,,,,,,,,,see moved to Baeza and renamed 1226-1246
S0503,D616,Cordoba,Spain,1236,1501,,,,,,,,,,,
S0504,D617,Braga,Portugal,999,1501,,,,,,,,,,,
S0505,D618,Astorga,Spain,852,1501,,,,,,,,,,,made suffragan of Santiago in 1393
S0506,D619,Lugo,Spain,999,1501,,,,,,,,,,,made suffragan of Santiago in 1393
S0507,D620,Mondoñedo,Spain,999,1501,,,,,,,,,,,made suffragan of Santiago in 1393; boundaries  approximate
S0508,D621,Orense,Spain,999,1501,,,,,,,,,,,made suffragan of Santiago in 1393; boundaries approximate
S0509,D622,Tui,Spain,1069,1385,,,,,,,,,,,
S0510,D623,Oporto,Portugal,1112,1501,,,,,,,,,,,boundaries approximate
S0511,D624,Coimbra,Portugal,1074,1501,,,,,,,,,,,suffragan from 867-1074 ; boundaries approximate
S0512,D625,Viseu,Portugal,1147,1501,,,,,,,,,,,
S0513,D734,Mallorca,Spain,1295,1501,,,,,,,,,,,after the addition of Minorca following 1295 reconquest
S0514,D627,Silves,Portugal,1253,1501,,,,,,,,,,,suffragan of Braga from 1189-1255; then Seville to 1393; then Lisbon to 1540; then Evora; see moved to Faro in 1577; boundaries approximate
S0515,D628,Santiago,Spain,1095,1501,,,,,,,,,,,boundaries approximate
S0516,D629,Avila,Spain,1087,1501,,,,,,,,,,,
S0517,D630,Salamanca,Spain,1102,1501,,,,,,,,,,,made exempt 1513 but that lasted only one year
S0518,D626,Zamora,Spain,999,1501,,,,,,,,,,,suffragan of Toledo (and episodically Santiago) from 1102-1153; of Braga from 1153-1199; much dispute for next two centuries; firmly made suffragan of Santiago in 1394
S0519,D632,Ciudad Rodrigo,Spain,1168,1501,,,,,,,,,,,
S0520,D633,Coria,Spain,1142,1501,,,,,,,,,,,
S0521,D634,Plasencia,Spain,1189,1501,,,,,,,,,,,
S0522,D635,Badajoz,Spain,1255,1501,,,,,,,,,,,
S0523,D636,Lamego,Portugal,1147,1501,,,,,,,,,,,made suffragan of Lisbon in 1393; boundaries approximate
S0524,D637,Guarda,Portugal,1203,1501,,,,,,,,,,,translated from earlier diocese of Idanha; made suffragan of Lisbon in 1393; boundaries approximate
S0525,D638,Lisboa,Portugal,1147,1501,,,,,,,,,,,raised to archdiocese in 1393; boundaries approximate
S0526,D639,Evora,Portugal,1165,1501,,,,,,,,,,,made suffragan of Lisbon in 1393; raised to archdiocese in 1540; boundaries approximate
S0527,D640,Tarragona,Spain,999,1235,,,,,,,,,,,before the 1235 addition of Ibiza [not shown on map]
S0528,D641,Urgel,Spain,999,1501,,,,,,,,,,,
S0529,D642,Gerona,Spain,785,1501,,,,,,,,,,,
S0530,D643,Barcelona,Spain,999,1501,,,,,,,,,,,
S0531,D602,Vic,Spain,999,1501,,,,,,,,,,,
S0532,D645,Tortosa,Spain,1118,1501,,,,,,,,,,,
S0533,D646,Lerida,Spain,1149,1501,,,,,,,,,,,
S0534,D647,Ager,Spain,1048,1501,,,,,,,,,,,Abbey; exempt from its foundation in 1048; pope orders that it be joined to Lleida in 1187 but abbots retain effective independence
S0535,D648,Zaragoza,Spain,1118,1501,,,,,,,,,,,raised to archdiocese in 1318
S0536,D649,Pamplona,Spain,999,1501,,,,,,,,,,,suffragan to Zaragoza from 1318; exempt from 1385
S0537,D650,Huesca,Spain,1096,1501,,,,,,,,,,,suffragan to Zaragoza from 1318
S0538,D651,Tarazona,Spain,1120,1501,,,,,,,,,,,suffragan to Zaragoza from 1318
S0539,D652,Calahorra,Spain,1045,1501,,,,,,,,,,,"suppressed 1231, with see moved to Santo Domingo de la Calzada; suffragan to Zaragoza from 1318"
S0540,P019,Cagliari,Italy,999,1501,,,,,,,,,,,
S0541,D654,Valencia,Spain,1239,1501,,,,,,,,,,,exempt from 1470; raised to archdiocese in 1492
S0542,D655,Sevilla,Spain,999,1501,,,,,,,,,,,
S0543,D734,Mallorca,Spain,1232,1295,,,,,,,,,,,established 1232; exempt from 1232
S0544,D170,Orvieto,Italy,1369,1501,,,,,,,,,,,
S0545,D658,Cádiz,Spain,1267,1344,1364,,,,,,,,,,established 1267/68 (seat translated from ancient diocese of Asido/Medina Sidonia); united with Algeciras for the entirety of the new diocese's existence 1344 to 1364 [Algeciras not represented separately on map]
S0546,D659,Canarias,Spain,1406,1501,,,,,,,,,,,repeatedly suppressed and restored; suffragan of Seville from 1404
S0547,D660,Burgos,Spain,1075,1501,,,,,,,,,,,exempt as of 1095; raised to archdiocese in 1574
S0548,D661,León,Spain,999,1501,,,,,,,,,,,exempt as of 1105
S0549,D662,Oviedo,Spain,999,1501,,,,,,,,,,,exempt as of 1105
S0550,D750,Litomyšl,Czech Republic,1344,1474,,,,,,,,,,,
S0552,D665,Cartagena,Spain,1250,1501,,,,,,,,,,,exempt from 1250; boundaries approximate
S0553,D404,Elne,France,999,1501,,,,,,,,,,,
S0554,D738,Malaga,Spain,1492,1501,,,,,,,,,,,
S0555,D742,Nazaret,Italy,999,1501,,,Canne,S0093,1455,1501,,,,,
S0556,D128,Lucera,Italy,1425,1501,,,Città (San Severo),S0058,1439,1447,,,,,after gaining territory of Fiorentino in 1410 and Tertiveri in 1425 (1410-1425 not shown on map)
S0558,P020,Canterbury,England,1334,1501,,,,,,,,,,,after gaining the diocese of Sodor and Man from Nidaros in 1334
S0559,D255,Venezia,Italy,1451,1466,,,Cittanova d'Istria,1451,1465,,,,,,Gained territory from suppressed Castello in 1451
S0560,D255,Venezia,Italy,1466,1501,,,,,,,,,,,Gained territory from suppressed Iesolo and Cittanova d'Istria in 1466
S0561,P058,Dubrovnik (Ragusa),Croatia,1300,1501,,,,,,,,,,,
S0562,D090,Feltre,Italy,999,1501,,,,,,,,,,,United with Belluno from 1197 to 1462 (combined territory represented)
S0563,D640,Tarragona,Spain,1235,1501,,,,,,,,,,,following the 1235 addition of Ibiza
S0564,D471,Senj,Croatia,1185,1630,,,,,,,,,,,united with Modrus in 1639
S0565,D482,Split (Spalato),Croatia,999,1344,1400,1501,,,,,,,,,"Before losing territory to create Makarska, and after reincorporating that suppressed diocese's territory"
S0566,D058,Vercelli,Italy,999,1474,,,,,,,,,,,before losing territory to Casale Monferrato
S0567,D746,Nicosia,Cyprus,1196,1571,,,,,,,,,,,
S0568,D747,Famagusta,Cyprus,1196,1571,,,,,,,,,,,
S0569,D748,Limassol,Cyprus,1196,1571,,,,,,,,,,,
S0570,D749,Paphos,Cyprus,1196,1571,,,,,,,,,,,
S0573,D239,Trani,Italy,1424,1523,,,,,,,,,,,after gaining territory from the suppressed Salpi in 1424
S0574,D138,Matera,Italy,999,1501,,,Acerenza,S0575,1203,1415,Acerenza,S0575,1444,1501,
S0575,D001,Acerenza,Italy,1082,1501,,,Matera,S0574,1203,1415,Matera,S0574,1444,1501,
S0576,D689,Lutsk,UKR,1404,1501,,,Vladimir,1425,,,,,,,
S0577,D597,Samogitia,Poland,1417,1501,,,,,,,,,,,
S0578,D598,Vilnius,Lithuania,1387,1501,,,,,,,,,,,
S0580,D277,Bisarcio,Italy,999,1501,,,,,,,,,,,Boundaries are uncertain
S0581,D161,Nicotera,Italy,999,1304,1392,1501,,,,,,,,,suppressed 1304-1392 to Mileto and then to Reggio; territory before suppression uncertain
S0582,D279,Cagliari,Italy,1420,1501,,,,,,,,,,,after gaining territory from suppressed Suelli in 1420
S0585,D074,Chiusi,Italy,1325,1369,,,,,,,,,,,"not mapped for 1369-1462 (after losing territory to Montefiascone, before losing territory to Pienza)"
S0586,D248,Tuscania,Italy,1435,1501,,,,,,,,,,,after losing terr to Montefiascone in 1369 and Corneto in 1435
S0588,P072,Siena ,Italy,1459,1501,,,,,,,,,,,"Suffragan in 1459 (Chiusi, Grosseto, and Sovanna)"
S0589,D151,Montefiascone,Italy,1369,1501,,,Corneto,S0590,1435,1501,,,,,takes territory from Tuscania; boundaries uncertain (here adapted from 20th-century boundaries)
S0590,D744,Corneto,Italy,1435,1501,,,Montefiascone,S0589,1435,1501,,,,,
S0598,D102,Frigento,Italy,999,1501,,,Avellino,S0292,1466,1501,,,,,
S0599,D280,Castro,Italy,1369,1503,,,,,,,,,,,
S0600,D703,Garðar,Greenland,1124,1537,,,,,,,,,,,founded in 1124 as suffragan of Bremen; suffragan of Trondheim from 1152
S0601,D704,Faroe Islands,Denmark,1076,1536,,,,,,,,,,,
S0602,P005,Aquileia,Italy,1452,1501,,,,,,,,,,,after Mantova becomes exempt in 1452
S0603,D565,Brixen,Italy,999,1501,,,,,,,,,,,
S0604,D566,Chiemsee,Germany,1215,1501,,,,,,,,,,,previously part of Salzburg
S0605,D567,Freising,Germany,999,1501,,,,,,,,,,,
S0606,D568,Gurk,Austria,1072,1501,,,,,,,,,,,previously part of Salzburg; gains additional territory from Salzburg in 1131
S0607,D569,Lavant,Austria,1225,1501,,,,,,,,,,,previously part of Salzburg
S0608,D570,Passau,Germany,1469,1501,,,,,,,,,,,after losing territory
S0609,D571,Regensburg,Germany,999,1501,,,,,,,,,,,
S0610,D572,Seckau,Austria,1218,1501,,,,,,,,,,,previously part of Salzburg
S0611,D580,Vienna,Austria,1469,1501,,,,,,,,,,,erected in 1469 (previously part of Passau)
S0612,D581,Wiener Neustadt,Austria,1469,1501,,,,,,,,,,,erected in 1469 (previously part of Passau)
S0613,D582,Berchtesgaden,Germany,1455,1501,,,,,,,,,,,"made exempt provostship 1455, previously part of Salzburg"
S0614,D570,Passau,Germany,999,1469,,,,,,,,,,,"before the loss of Vienna, Wiener Neustadt in 1469"
S0615,P071,Sevilla,Spain,1255,1393,,,,,,,,,,,with Silves
S0616,P071,Sevilla,Spain,1393,1501,,,,,,,,,,,"without Silves, with Canarias"
S0617,D197,Reggio (di Calabria),Italy,1304,1392,,,,,,,,,,,"Gains territory from suppressed Nicotera approximately 1304-1392 (territory is first incorporated into Mileto, date uncertain)"
S0618,D330,Aix,France,999,1501,,,,,,,,,,,
S0619,D331,Apt,France,999,1501,,,,,,,,,,,
S0620,D332,Frejus,France,999,1501,,,,,,,,,,,
S0621,D333,Gap,France,999,1501,,,,,,,,,,,
S0622,D334,Riez,France,999,1501,,,,,,,,,,,
S0623,D335,Sisteron,France,999,1501,,,,,,,,,,,
S0625,D337,Arles,France,999,1501,,,,,,,,,,,
S0626,D338,Marseille,France,999,1501,,,,,,,,,,,
S0627,D339,Orange,France,999,1501,,,,,,,,,,,
S0628,D340,Saint-Paul-Trois-Châteaux,France,999,1501,,,,,,,,,,,
S0629,D341,Toulon,France,999,1501,,,,,,,,,,,
S0630,D342,Avignon,France,999,1501,,,,,,,,,,,
S0631,D343,Carpentras,France,999,1501,,,,,,,,,,,
S0632,D344,Cavaillon,France,999,1501,,,,,,,,,,,
S0633,D345,Vaison,France,999,1501,,,,,,,,,,,
S0634,D350,Auch,France,999,1501,,,,,,,,,,,
S0635,D351,Aire,France,999,1501,,,,,,,,,,,
S0636,D352,Bazas,France,999,1501,,,,,,,,,,,
S0637,D353,Dax,France,999,1501,,,,,,,,,,,
S0638,D354,Bayonne,France,999,1501,,,,,,,,,,,
S0639,D355,Lectoure,France,999,1501,,,,,,,,,,,
S0640,D356,Lescar,France,999,1501,,,,,,,,,,,
S0641,D357,Oloron,France,999,1501,,,,,,,,,,,
S0642,D358,Saint-Bertrand-de-Comminges,France,999,1501,,,,,,,,,,,
S0643,D359,Couserans,France,999,1501,,,,,,,,,,,seat at Saint-Lizier
S0644,D360,Tarbes,France,999,1501,,,,,,,,,,,
S0645,D361,Besançon,France,999,1501,,,,,,,,,,,
S0646,D362,Basel,Switzerland,999,1501,,,,,,,,,,,
S0647,D363,Belley,France,999,1501,,,,,,,,,,,
S0648,D365,Bordeaux,France,999,1501,,,,,,,,,,,
S0649,D366,Agen,France,999,1317,,,,,,,,,,,
S0650,D367,Condom,France,1317,1501,,,,,,,,,,,
S0651,D368,Angoulême,France,999,1501,,,,,,,,,,,
S0652,D369,Périgueux,France,999,1317,,,,,,,,,,,
S0653,D370,Sarlat,France,1317,1501,,,,,,,,,,,
S0654,D371,Poitiers,France,999,1317,,,,,,,,,,,
S0655,D372,Luçon,France,1317,1501,,,,,,,,,,,
S0656,D373,Maillezais,France,1317,1501,,,,,,,,,,,
S0657,D374,Saintes,France,999,1501,,,,,,,,,,,
S0658,D375,Bourges,France,999,1501,,,,,,,,,,,
S0659,D376,Clermont,France,999,1317,,,,,,,,,,,
S0660,D377,Saint-Flour,France,1317,1501,,,,,,,,,,,
S0661,D378,Limoges,France,999,1317,,,,,,,,,,,
S0662,D379,Tulle,France,1317,1501,,,,,,,,,,,
S0663,D380,Le Puy,France,999,1501,,,,,,,,,,,
S0664,D381,Albi,France,999,1317,,,,,,,,,,,
S0665,D382,Castres,France,1317,1501,,,,,,,,,,,
S0666,D383,Cahors,France,999,1501,,,,,,,,,,,
S0667,D384,Mende,France,999,1501,,,,,,,,,,,
S0668,D385,Rodez,France,999,1317,,,,,,,,,,,
S0669,D386,Vabres,France,1317,1501,,,,,,,,,,,
S0670,D387,Embrun,France,999,1501,,,,,,,,,,,
S0671,D388,Digne,France,999,1501,,,,,,,,,,,
S0672,D389,Glandèves,France,999,1501,,,,,,,,,,,
S0674,D391,Grasse,France,999,1501,,,,,,,,,,,
S0675,D392,Nice,France,999,1501,,,,,,,,,,,
S0676,D393,Senez,France,999,1501,,,,,,,,,,,
S0677,D394,Vence,France,999,1501,,,,,,,,,,,
S0678,D395,Lyon,France,999,1501,,,,,,,,,,,
S0679,D396,Autun,France,999,1501,,,,,,,,,,,
S0680,D397,Langres,France,999,1501,,,,,,,,,,,
S0681,D398,Chalon-sur-Saône,France,999,1501,,,,,,,,,,,
S0682,D399,Mâcon,France,999,1501,,,,,,,,,,,
S0683,D400,Narbonne,France,999,1317,,,,,,,,,,,
S0684,D401,Alet,France,1317,1501,,,,,,,,,,,
S0685,D402,Carcassonne,France,999,1501,,,,,,,,,,,
S0686,D403,Maguelonne,France,999,1501,,,,,,,,,,,
S0687,D405,Saint-Pons,France,1317,1501,,,,,,,,,,,
S0688,D406,Agde,France,999,1501,,,,,,,,,,,
S0689,D407,Béziers,France,999,1501,,,,,,,,,,,
S0690,D408,Lodève ,France,999,1501,,,,,,,,,,,
S0691,D409,Nîmes,France,999,1501,,,,,,,,,,,
S0692,D410,Uzès,France,999,1501,,,,,,,,,,,
S0693,D411,Pamiers,France,1295,1501,,,,,,,,,,,
S0694,D412,Toulouse,France,999,1295,,,,,,,,,,,
S0696,D414,Lavaur,France,1317,1501,,,,,,,,,,,
S0697,D415,Lombez,France,1317,1501,,,,,,,,,,,
S0698,D416,Montauban,France,1317,1501,,,,,,,,,,,
S0700,D418,Mirepoix,France,1317,1501,,,,,,,,,,,
S0701,D419,Rieux,France,1317,1501,,,,,,,,,,,
S0702,D420,Saint-Papoul,France,1317,1501,,,,,,,,,,,
S0703,D421,Reims,France,999,1501,,,,,,,,,,,
S0704,D422,Laon,France,999,1501,,,,,,,,,,,
S0705,D423,Amiens,France,999,1501,,,,,,,,,,,
S0706,D424,Beauvais,France,999,1501,,,,,,,,,,,
S0707,D425,Châlons-sur-Marne,France,999,1501,,,,,,,,,,,
S0708,D426,Senlis,France,999,1501,,,,,,,,,,,
S0709,D427,Soissons,France,999,1501,,,,,,,,,,,
S0710,D428,Noyon,France,1146,1501,,,,,,,,,,,
S0711,D429,Thérouanne,France,999,1501,,,,,,,,,,,
S0712,D430,Cambrai,France,999,1501,,,,,,,,,,,
S0713,D431,Arras,France,1093,1501,,,,,,,,,,,
S0714,D432,Tournai,Belgium,999,1501,,,,,,,,,,,
S0715,D433,Rouen,France,999,1501,,,,,,,,,,,
S0716,D434,Avranches,France,999,1501,,,,,,,,,,,
S0717,D435,Bayeux,France,999,1501,,,,,,,,,,,
S0718,D436,Coutances,France,999,1501,,,,,,,,,,,
S0719,D437,Évreux,France,999,1501,,,,,,,,,,,
S0720,D438,Lisieux,France,999,1501,,,,,,,,,,,
S0721,D439,Sées,France,999,1501,,,,,,,,,,,
S0722,D440,Tours,France,999,1501,,,,,,,,,,,
S0723,D441,Angers,France,999,1501,,,,,,,,,,,
S0724,D442,Le Mans,France,999,1501,,,,,,,,,,,
S0725,D443,Nantes,France,999,1501,,,,,,,,,,,
S0726,D444,Dol,France,999,1501,,,,,,,,,,,
S0727,D445,Quimper,France,999,1501,,,,,,,,,,,
S0728,D446,Rennes,France,999,1501,,,,,,,,,,,
S0729,D447,Saint-Brieuc,France,999,1501,,,,,,,,,,,
S0730,D448,Saint-Malo,France,999,1501,,,,,,,,,,,
S0731,D449,Saint-Pol-de-Léon,France,999,1501,,,,,,,,,,,
S0732,D450,Tréguier,France,999,1501,,,,,,,,,,,
S0733,D451,Vannes,France,999,1501,,,,,,,,,,,
S0734,D452,Sens,France,999,1501,,,,,,,,,,,
S0735,D453,Auxerre,France,999,1501,,,,,,,,,,,
S0736,D454,Nevers,France,999,1501,,,,,,,,,,,
S0737,D455,Troyes,France,999,1501,,,,,,,,,,,
S0738,D456,Paris,France,999,1501,,,,,,,,,,,
S0739,D457,Chartres,France,999,1501,,,,,,,,,,,
S0740,D458,Meaux,France,999,1501,,,,,,,,,,,
S0741,D459,Orléans,France,999,1501,,,,,,,,,,,
S0742,D460,Tarentaise,France,999,1501,,,,,,,,,,,
S0743,D461,Aosta,Italy,999,1501,,,,,,,,,,,
S0744,D463,Vienne,France,999,1501,,,,,,,,,,,
S0745,D464,Die,France,999,1501,,,Valence,S0749,1275,,,,,,
S0746,D465,Geneva,Switzerland,999,1501,,,,,,,,,,,
S0747,D466,Grenoble,France,999,1501,,,,,,,,,,,
S0748,D467,Saint-Jean-de-Maurienne,France,999,1501,,,,,,,,,,,
S0749,D468,Valence,France,999,1501,,,Die,S0745,1275,,,,,,
S0750,D469,Viviers,France,999,1501,,,,,,,,,,,
S0751,D576,Verdun,France,999,1501,,,,,,,,,,,
S0752,D371,Poitiers,France,1317,1501,,,,,,,,,,,
S0753,D378,Limoges,France,1317,1501,,,,,,,,,,,
S0754,D369,Périgueux,France,1317,1501,,,,,,,,,,,
S0755,D366,Agen,France,1317,1501,,,,,,,,,,,
S0756,D412,Toulouse,France,1317,1501,,,,,,,,,,,
S0757,D400,Narbonne,France,1317,1501,,,,,,,,,,,
S0758,D381,Albi,France,1317,1501,,,,,,,,,,,
S0759,D385,Rodez,France,1317,1501,,,,,,,,,,,
S0760,D376,Clermont,France,1317,1501,,,,,,,,,,,
S0761,D412,Toulouse,France,1295,1317,,,,,,,,,,,not represented on map (doesn't fall into time slices)
S0762,D644,Granada,Spain,1437,1501,,,,,,,,,,,raised to archdiocese 1492; boundaries approximate
S0763,D723,Guadix,Spain,1492,1501,,,Baza,S0501,1492,1501,,,,,boundaries approximate
S0764,D728,Almería,Spain,1492,1501,,,,,,,,,,,boundaries approximate
S0765,D656,Valença do Minho,Portugal,1385,1501,,,,,,,,,,,created in 1395 by the separation of the Portuguese part of Tui as an Apostolic Administration
S0766,D564,Salzburg,Austria,1225,1455,,,,,,,,,,,After the loss of Lavant
S0767,D564,Salzburg,Austria,1455,1501,,,,,,,,,,,After the loss of Berchtesgaden
S0768,P026,Dublin,Ireland,999,1501,,,,,,,,,,,
S0769,P003,Aix,France,999,1501,,,,,,,,,,,
S0770,P007,Armagh,Ireland,999,1501,,,,,,,,,,,
S0771,P008,Auch,France,999,1501,,,,,,,,,,,
S0772,P013,Besançon,France,999,1501,,,,,,,,,,,
S0773,P014,Bordeaux,France,999,1501,,,,,,,,,,,
S0774,P015,Bourges,France,999,1501,,,,,,,,,,,
S0775,P020,Canterbury,England,999,1334,,,,,,,,,,,
S0776,P022,Cashel,Ireland,999,1501,,,,,,,,,,,
S0777,P027,Embrun,France,999,1501,,,,,,,,,,,
S0778,P050,Narbonne,France,999,1317,,,,,,,,,,,
S0779,P061,Reims,France,999,1501,,,,,,,,,,,
S0780,D562,Praha (Prague),Czech Republic,1344,1474,,,,,,,,,,,during the loss of territory to Litomysl
S0781,P070,Sens,France,999,1501,,,,,,,,,,,
S0782,P081,Tours,France,999,1501,,,,,,,,,,,
S0783,P089,Vienne,France,999,1501,,,,,,,,,,,
S0784,P091,York,England,1355,1501,,,,,,,,,,,after loss of Galloway to the Scottish church in 1355
S0785,P023,Cologne (Köln),Germany,999,1501,,,,,,,,,,,
S0786,P028,Esztergom,Hungary,999,1501,,,,,,,,,,,
S0787,P032,Gniezno,Poland,999,1375,,,,,,,,,,,
S0788,P042,Magdeburg,Germany,999,1501,,,,,,,,,,,
S0789,P043,Mainz,Germany,999,1344,,,,,,,,,,,
S0790,P051,Nicosia,Cyprus,1196,1501,,,,,,,,,,,
S0791,P050,Narbonne,France,1317,1501,,,,,,,,,,,
S0792,P055,Palermo,Italy,999,1501,,,,,,,,,,,
S0793,P057,Praha (Prague),Czech Republic,1344,1501,,,,,,,,,,,
S0794,P067,Salzburg,Austria,999,1455,,,,,,,,,,,
S0795,P071,Sevilla,Spain,999,1255,,,,,,,,,,,
S0796,P083,Trier,Germany,999,1501,,,,,,,,,,,
S0797,P067,Salzburg,Austria,1455,1501,,,,,,,,,,,after losing Berchtesgaden
S0798,P086,Uppsala,Sweden,1276,1501,,,,,,,,,,,With Abo
S0799,P005,Aquileia,Italy,999,1272,,,,,,,,,,,
S0800,P006,Arles,France,999,1501,,,,,,,,,,,
S0801,P012,Benevento,Italy,999,1254,,,,,,,,,,,
S0803,P012,Benevento,Italy,1474,1501,,,,,,,,,,,without Trivento (exempt in 1474)
S0804,P016,Braga,Portugal,999,1253,,,,,,,,,,,
S0805,P016,Braga,Portugal,1253,1274,,,,,,,,,,,Without Silves [does not appear in map]
S0806,P016,Braga,Portugal,1274,1393,,,,,,,,,,,Without Silves and Evora
S0807,P016,Braga,Portugal,1393,1501,,,,,,,,,,,"Without Silves, Evora, Astorga, Lugo, Mondonedo, Orense, Tui, and Zamora"
S0808,P017,Bremen,Germany,999,1501,,,,,,,,,,,
S0809,P077,Tarragona,Spain,1470,1501,,,,,,,,,,,"Without Zaragoza, Pamplona, Huesca, Tarazona, Calahorra, Santo Domingo (Suffragan in 1318) and without Valencia [not shown on map]"
S0810,D563,Olomouc,Czech Republic,1344,1474,,,,,,,,,,,
S0811,P031,Genova,Italy,1239,1501,,,,,,,,,,,With Noli and Savona (1239-1501)
S0812,P031,Genova,Italy,999,1239,,,,,,,,,,,[does not appear in map]
S0813,P033,Grado,Italy,999,1272,,,,,,,,,,,
S0814,P033,Grado,Italy,1272,1501,,,,,,,,,,,"With Cittanova (suppressed to Parenzo in 1272-1465); in 1451, the see of the archdiocese was moved to Venezia"
S0817,P052,Nidaros,Norway,1334,1501,,,,,,,,,,,after the loss of Sodor and Man in 1334
S0818,P039,Lund,Sweden,1124,1374,,,,,,,,,,,After loss of Faroe Islands; with Reval (transferred to Riga 1374)
S0819,P069,Santiago,Portugal,1274,1393,,,,,,,,,,,with Evora
S0820,P059,Ravenna,Italy,999,1501,,,,,,,,,,,
S0821,P069,Santiago,Portugal,999,1274,,,,,,,,,,,"with Santiago, Avila, Salamanca, Ciudad Rodrigo, Coria, Plasencia, Badajoz, Lamego, Guarda, Lisbon"
S0822,P069,Santiago,Portugal,1393,1501,,,,,,,,,,,"with Astorga, Lugo, Mondonedo, Orense, Tui Zamora, Santiago, Avila, Salamanca, Ciudad Rodrigo, Coria, Plasencia, Badajoz"
S0824,P077,Tarragona,Spain,999,1231,,,,,,,,,,,[not represented on map]
S0825,P077,Tarragona,Spain,1231,1318,,,,,,,,,,,Without Majorca (exempt in 1231) and with Valencia (1239-1470)
S0826,P078,Toledo,Spain,999,1236,,,,,,,,,,,[not shown on map]
S0827,P078,Toledo,Spain,1236,1246,,,,,,,,,,,With Cordoba (1236) [not shown on map]
S0829,P078,Toledo,Spain,1246,1318,,,,,,,,,,,With Cordoba (1236); Jaen (1246)
S0830,P078,Toledo,Spain,1318,1437,,,,,,,,,,,With Cordoba (1236); Jaen (1246); Without Albarracin-Segorbe (1258-1318); without Zamora
S0831,P078,Toledo,Spain,1437,1492,,,,,,,,,,,With Cordoba (1236); Jaen (1246); With Granada (1437)
S0832,P078,Toledo,Spain,1492,1501,,,,,,,,,,,"after erection of Granada 1437, loss of Granada, Baeza/Jaen [not shown on map]"
S0834,P093,Zaragoza,Spain,1318,1385,,,,,,,,,,,
S0835,P041,Lyon,France,999,1501,,,,,,,,,,,
S0836,P002,Acerenza,Italy,999,1501,,,,,,,,,,,
S0837,P004,Amalfi,Italy,999,1501,,,,,,,,,,,
S0838,P009,Avignon,France,1475,1501,,,,,,,,,,,
S0839,P011,Bari,Italy,999,1424,,,,,,,,,,,
S0840,P005,Aquileia,Italy,1272,1452,,,,,,,,,,,after the loss of Cittanova to Grado in 1272
S0841,P011,Bari,Italy,1456,1488,,,,,,,,,,,Without Salpi and Canosa (exempt in 1455) 
S0842,P087,Rossano,Italy,1460,1501,,,,,,,,,,,
S0843,P018,Brindisi,Italy,1050,1501,,,,,,,,,,,
S0844,D021,Arezzo,Italy,1462,1501,,,,,,,,,,,
S0845,P021,Capua,Italy,999,1501,,,,,,,,,,,
S0846,P024,Conza,Italy,999,1501,,,,,,,,,,,
S0847,P025,Cosenza,Italy,1090,1501,,,,,,,,,,,
S0848,P052,Nidaros,Norway,1152,1334,,,,,,,,,,,"After Gardar and Faroe Islands are acquired in 1152, before the loss of Sodor and Man in 1334"
S0849,P030,Firenze (Florence),Italy,1420,1501,,,,,,,,,,,
S0850,P038,Lisboa,Portugal,1393,1501,,,,,,,,,,,
S0851,P044,Manfredonia,Italy,1258,1501,,,,,,,,,,,
S0852,P046,Messina,Italy,999,1501,,,,,,,,,,,
S0853,P047,Milano,Italy,999,1501,,,,,,,,,,,
S0857,P048,Monreale,Italy,1086,1501,,,,,,,,,,,
S0858,P049,Napoli,Italy,999,1501,,,,,,,,,,,
S0860,P053,Oristano,Italy,999,1501,,,,,,,,,,,
S0861,P054,Otranto,Italy,999,1501,,,,,,,,,,,
S0862,P056,Pisa,Italy,999,1420,,,,,,,,,,,
S0863,P056,Pisa,Italy,1420,1490,,,,,,,,,,,Without Massa Marittima (suppressed in 1420)
S0864,P056,Pisa,Italy,1490,1501,,,,,,,,,,,Without Massa Marittima and Tempio (exempt in 1490) [not represented in maps]
S0865,P060,Reggio-Calabria,Italy,999,1501,,,,,,,,,,,
S0866,P062,Riga,Latvia,1255,1374,,,,,,,,,,,Without Reval (gained from Riga 1374)
S0867,P065,Rouen,France,999,1501,,,,,,,,,,,
S0868,P066,Salerno,Italy,999,1501,,,,,,,,,,,
S0869,P068,Santa Severina,Italy,999,1501,,,,,,,,,,,
S0870,D216,Siena,Italy,1325,1462,,,,,,,,,,,after the change in Tuscania's boundaries in 1325
S0871,D109,Grosseto,Italy,1462,1501,,,,,,,,,,,
S0873,P073,Sorrento,Italy,999,1501,,,,,,,,,,,
S0874,P074,Split (Spalato),Croatia,999,1300,,,,,,,,,,,
S0875,P074,Split (Spalato),Croatia,1300,1501,,,,,,,,,,,"after the loss of Korcula territory (created in 1300 from Ston, which had been suffragan to Split)"
S0876,P093,Zaragoza,Spain,1385,1501,,,,,,,,,,,after Pamplona becomes exempt
S0877,P075,Taranto,Italy,999,1501,,,,,,,,,,,
S0878,P076,Tarentaise,France,999,1501,,,,,,,,,,,
S0879,P079,Torres,Italy,999,1441,,,,,,,,,,,
S0880,P079,Torres,Italy,1441,1501,,,,,,,,,,,With Sassari (1441-1503)
S0881,D216,Siena,Italy,1462,1501,,,,,,,,,,,after the loss of territory in the creation of Montalcino and Pienza in 1462
S0883,P080,Toulouse,France,1317,1501,,,,,,,,,,,
S0885,P082,Trani,Italy,999,1424,,,,,,,,,,,
S0886,P082,Trani,Italy,1424,1501,,,,,,,,,,,WIth Salpi (united 1424-1501)
S0887,P085,Tuam,Ireland,999,1501,,,,,,,,,,,
S0889,P092,Zadar (Zara),Croatia,999,1501,,,,,,,,,,,
S0890,P094,Scotland,Scotland,999,1355,,,,,,,,,,,
S0891,D751,Bar,Montenegro,999,1501,,,,,,,,,,,
S0892,D752,Bosnia,Bosnia,999,1501,,,,,,,,,,,
S0893,D489,Budva,Montenegro,999,1501,,,,,,,,,,,
S0894,P094,Scotland,Scotland,1355,1501,,,,,,,,,,,before gains Galloway from York
S0895,D755,Duvno,Bosnia,999,1501,,,,,,,,,,,
S0896,D478,Knin,Croatia,999,1501,,,,,,,,,,,
S0897,D126,Ljubljana,Slovenia,1461,1501,,,,,,,,,,,
S0898,D146,Montalcino,Italy,1462,1501,,,Pienza,S0900,1462,1594,,,,,usually united with Pienza until 1594 (with minor divisions)
S0899,D163,Nocera Inferiore,Italy,999,1501,,,,,,,,,,,
S0900,D185,Pienza,Italy,1462,1501,,,Montalcino,D146,1462,1594,,,,,
S0901,D486,Ston,Croatia,999,1300,,,,,,,,,,,
S0902,D756,Trebinje,Bosnia,999,1501,,,,,,,,,,,1361-1391 seat located on island of Mrkan
S0903,D757,Ulcinj,Montenegro,999,1501,,,,,,,,,,,
S0904,D152,Montepeloso,Italy,1460,1501,,,,,,,,,,,
S0905,D686,Halyč,UKR,1361,1501,,,,,,,,,,,
S0906,P095,Bar,Montenegro,999,1501,,,,,,,,,,,after gains Galloway from York
S0907,P058,Dubrovnik (Ragusa),Croatia,999,1300,,,,,,,,,,,
S0908,P034,Granada,Spain,1492,1501,,,,,,,,,,,
S0909,D014,Ancona and Umana,Italy,1422,1501,,,,,,,,,,,"Umana suppressed to Ancona in 1422, only remains in Ancona's new name"
S0910,P077,Tarragona,Spain,1318,1470,,,,,,,,,,,"Without Zaragoza, Pamplona, Huesca, Tarazona, Calahorra, Santo Domingo (Suffragan in 1318) and With Valencia"
S0911,P036,Kalocsa,Hungary,999,1501,,,,,,,,,,,
S0912,D130,Macerata,Italy,1356,1501,,,Recanati,S0200,1356,1501,,,,,lost territory to restore Recanati in 1356
S0917,D019,Aquileia,Italy,1461,1501,,,,,,,,,,,
S0918,D031,Bagnoregio,Italy,1369,1501,,,,,,,,,,,after losing territory to Montefiascone
S0920,D622,Tui,Spain,1385,1501,,,,,,,,,,,
S0921,D021,Arezzo,Italy,1325,1369,,,,,,,,,,,"no polygon for 1369-1462 (after losing territory to Montefiascone, before losing territory to Pienza)"
S0923,P091,York,England,999,1355,,,,,,,,,,,before loss of Galloway to the Scottish church in 1355
S0924,D074,Chiusi,Italy,1462,1501,,,,,,,,,,,
S0925,P039,Lund,Sweden,1374,1501,,,,,,,,,,,After loss of Faroe Islands;  without Reval (transferred to Riga 1374)
S0926,P062,Riga,Latvia,1374,1561,,,,,,,,,,,With Reval (gained from Riga 1374)
S0927,D027,Asti,Italy,1388,1501,,,,,,,,,,,loses territory to Mondovì 1388
S0928,P032,Gniezno,Poland,1375,1501,,,,,,,,,,,with addition of dioceses of Samogitia and Vilnius
S0930,P043,Mainz,Germany,1344,1501,,,,,,,,,,,after elevation of Prague to archdiocese
S0931,P001,Exempt Diocese,,1250,1250,,,,,,,,,,,"Dioceses not included in any provinces (exepmt) on the 1250 map. Start and end dates are estimated to give a general view of the 13th century, may not reflect a specific point in time."
S0932,P001,Exempt Diocese,,1350,1350,,,,,,,,,,,"Dioceses not included in any provinces (exempt) on the 1350 map. Start and end dates are estimated to give a general view of the 14th century, may not reflect a specific point in time."
S0933,P001,Exempt Diocese,,1450,1450,,,,,,,,,,,"Dioceses not included in any provinces (exempt) on the 1450 map. Start and end dates are estimated to give a general view of the 15th century, may not reflect a specific point in time."
S0934,P096,Candia,Greece,1213,1669,,,,,,,,,,,"[no information, currently unmapped]"
S0935,D708,Przemyśl,Ukraine,1218,1501,,,,,,,,,,,Greek bishops in communion with Rome from 1218 until mid-14th century; Latin bishops appointed to see from 1353 at the latest
S0936,D687,Lviv,Ukraine,1358,1501,,,,,,,,,,,
S0937,D688,Kamieniec ,Ukraine,1373,1501,,,,,,,,,,,
S0938,P035,Halyč,Ukraine,1375,1414,,,,,,,,,,,"Halyč elevated to province in 1375, appears in 1450 timeslice after loss of Luck to Lviv in 1414"
S0939,P040,Lviv,Ukraine,1414,1501,,,,,,,,,,,
S0940,D758,Chełm,Poland,1375,1501,,,,,,,,,,,